Transaction Date,Post Date,Description,Category,Type,Amount,Memo
03/31/2025,03/31/2025,Payment Thank You-Mobile,,Payment,4849.36,
03/28/2025,03/30/2025,AMAZON MKTPL*LH8BX4MH3,Shopping,Sale,-28.98,
03/29/2025,03/30/2025,Prime Video *4Q4HB6853,Shopping,Sale,-2.70,
03/28/2025,03/30/2025,GREEN MOUNTAIN ENERGY,Bills & Utilities,Sale,-196.60,
03/27/2025,03/30/2025,CHICK-FIL-A  # 00774,Food & Drink,Sale,-12.69,
03/28/2025,03/30/2025,DUNKIN' MOBILE AP,Food & Drink,Sale,-2.00,
03/28/2025,03/30/2025,QT 917,Gas,Sale,-39.00,
03/27/2025,03/28/2025,AMAZON MKTPL*4O2GC1GO3,Shopping,Sale,-27.28,
03/27/2025,03/28/2025,AMAZON MKTPL*1J25C3M13,Shopping,Sale,-24.83,
03/27/2025,03/28/2025,Amazon.com*103012KZ3,Shopping,Sale,-2.17,
03/27/2025,03/28/2025,WALMART.COM,Shopping,Sale,-30.03,
03/26/2025,03/28/2025,KROGER 5879,Groceries,Sale,-136.67,
03/27/2025,03/28/2025,SQ *MEETCHA BUBBLE TEA CA,Food & Drink,Sale,-5.20,
03/25/2025,03/27/2025,CHICK-FIL-A  # 00774,Food & Drink,Sale,-8.32,
03/26/2025,03/27/2025,Prime Video Channels,Shopping,Sale,-14.06,
03/24/2025,03/25/2025,NTTA AUTOCHARGE,Travel,Sale,-20.00,
03/23/2025,03/24/2025,ELEMENTS MASSAGE FRISCO,Health & Wellness,Sale,-35.00,
03/23/2025,03/24/2025,CINEMARK 1055 RSTBAR,Food & Drink,Sale,-1.09,
03/22/2025,03/24/2025,CAR SPA 18,Automotive,Sale,-18.50,
03/23/2025,03/24/2025,AMAZON MKTPL*201NA5GD3,Shopping,Sale,-23.37,
03/21/2025,03/23/2025,PY *CHILOSO MEXICAN BISTR,Food & Drink,Sale,-34.45,
03/21/2025,03/23/2025,CTLP*CANTEEN VENDING,Food & Drink,Sale,-1.85,
03/21/2025,03/23/2025,THRIVE MARKET,Bills & Utilities,Sale,-76.83,
03/22/2025,03/23/2025,AMAZON MKTPL*LR02P58W3,Shopping,Sale,-32.99,
03/22/2025,03/23/2025,AMAZON MKTPL*WH7IO44I3,Shopping,Sale,-242.34,
03/22/2025,03/23/2025,TOTTO YAMA,Food & Drink,Sale,-46.01,
03/20/2025,03/23/2025,McDonalds 2383,Food & Drink,Sale,-1.08,
03/21/2025,03/23/2025,CINEMARK 1055 RSTBAR,Food & Drink,Sale,-0.23,
03/19/2025,03/21/2025,McDonalds 33509,Food & Drink,Sale,-1.94,
03/21/2025,03/21/2025,AMAZON MKTPL*QG23O2943,Shopping,Sale,-33.99,
03/21/2025,03/21/2025,AMAZON MKTPL*GT7PA2D83,Shopping,Sale,-7.91,
03/20/2025,03/21/2025,AMAZON MKTPL*HP6IN7VX3,Shopping,Sale,-24.98,
03/21/2025,03/21/2025,AMAZON MKTPL*6265R09L3,Shopping,Sale,-33.02,
03/20/2025,03/21/2025,CTLP*CANTEEN VENDING,Food & Drink,Sale,-1.85,
03/20/2025,03/21/2025,AMAZON PRIME*NT9FX0B13,Shopping,Sale,-3.24,
03/20/2025,03/21/2025,AMAZON MKTPL*ZP9HT06E3,Shopping,Sale,-104.40,
03/18/2025,03/19/2025,NTTA AUTOCHARGE,Travel,Sale,-20.00,
03/18/2025,03/19/2025,CTLP*CANTEEN VENDING,Food & Drink,Sale,-1.85,
03/18/2025,03/19/2025,AMAZON MKTPL*TX7GZ79L3,Shopping,Sale,-35.82,
03/18/2025,03/18/2025,Cinemark,Entertainment,Sale,-11.90,
03/17/2025,03/18/2025,AMAZON MKTPL*Y60C70BT3,Shopping,Sale,-43.29,
03/15/2025,03/17/2025,ELEMENTS MASSAGE FRISCO,Health & Wellness,Sale,-79.00,
03/16/2025,03/17/2025,Amazon.com*KL64P1N83,Shopping,Sale,-33.65,
03/15/2025,03/17/2025,KROGER 5879,Groceries,Sale,-216.69,
03/16/2025,03/17/2025,Amazon.com*7364Q2RL3,Shopping,Sale,-28.45,
03/15/2025,03/16/2025,Prime Video Channels,Shopping,Sale,-17.85,
03/14/2025,03/16/2025,098 BRAUMS STORE,Food & Drink,Sale,-4.43,
03/14/2025,03/16/2025,AMAZON MKTPLACE PMTS,Shopping,Return,22.09,
03/15/2025,03/16/2025,KROGER #0879,Groceries,Sale,-51.35,
03/14/2025,03/16/2025,RACETRAC2370  00023705,Gas,Sale,-30.20,
03/14/2025,03/16/2025,TACO BELL # 735434,Food & Drink,Sale,-6.70,
03/13/2025,03/16/2025,McDonalds 22755,Food & Drink,Sale,-1.94,
03/13/2025,03/14/2025,ELEMENTS MASSAGE FRISCO,Health & Wellness,Sale,-35.00,
03/13/2025,03/14/2025,AMAZON MKTPL*Q670Q6O23,Shopping,Sale,-185.02,
03/13/2025,03/14/2025,PANDA EXPRESS #602 P,Food & Drink,Sale,-10.83,
03/12/2025,03/13/2025,KROGER #0879,Groceries,Sale,-17.80,
03/11/2025,03/13/2025,PHR*MFM Spec of Dallas,Health & Wellness,Sale,-1316.98,
03/12/2025,03/13/2025,RAISING CANES 0507 MOB,Food & Drink,Sale,-13.17,
03/11/2025,03/12/2025,NTTA AUTOCHARGE,Travel,Sale,-20.00,
03/10/2025,03/11/2025,AMAZON MKTPL*ZM8NU1SF2,Shopping,Sale,-84.42,
03/10/2025,03/11/2025,AMAZON MKTPL*5R9GD8UU3,Shopping,Sale,-19.99,
03/10/2025,03/11/2025,SQ *MEETCHA BUBBLE TEA CA,Food & Drink,Sale,-10.82,
03/09/2025,03/10/2025,SP EIGHT SAINTS,Shopping,Sale,-21.65,
03/09/2025,03/10/2025,Amazon.com*FJ0IF54N3,Shopping,Sale,-22.97,
03/10/2025,03/10/2025,Amazon.com*V971A21D3,Shopping,Sale,-28.38,
03/09/2025,03/10/2025,McDonalds 10447,Food & Drink,Sale,-1.94,
03/07/2025,03/09/2025,CHIPOTLE MEX GR ONLINE,Food & Drink,Sale,-22.30,
03/07/2025,03/09/2025,Amazon.com*JD1900NC3,Shopping,Sale,-32.38,
03/08/2025,03/09/2025,CINEMARK 231 RSTBAR,Food & Drink,Sale,-2.43,
03/08/2025,03/09/2025,AMAZON MKTPL*ZF8BY1TJ0,Shopping,Sale,-17.78,
03/07/2025,03/09/2025,MYRIAD WOMEN'S HEALTH INC,Health & Wellness,Return,91.90,
03/07/2025,03/09/2025,AMAZON PRIME PMTS,Bills & Utilities,Return,11.00,
03/08/2025,03/09/2025,AMAZON MKTPL*EV4HA6LI3,Shopping,Sale,-8.94,
03/08/2025,03/09/2025,AMAZON MKTPL*RM0LX5933,Shopping,Sale,-81.18,
03/09/2025,03/09/2025,AMAZON MKTPL*BQ6D34623,Shopping,Sale,-12.22,
03/08/2025,03/09/2025,CHIPOTLE MEX GR ONLINE,Food & Drink,Sale,-5.57,
03/05/2025,03/07/2025,DISCOUNT-TIRE-CO TXD-52,Automotive,Sale,-330.48,
03/06/2025,03/07/2025,KROGER #0879,Groceries,Sale,-39.42,
03/06/2025,03/07/2025,AMAZON MKTPL*O75ME4FF3,Shopping,Sale,-101.00,
03/05/2025,03/06/2025,AMAZON MKTPLACE PMTS,Shopping,Return,43.30,
03/05/2025,03/06/2025,AMAZON MKTPLACE PMTS,Shopping,Return,12.54,
03/05/2025,03/06/2025,AMAZON MKTPLACE PMTS,Shopping,Return,46.99,
03/04/2025,03/06/2025,QT 917,Gas,Sale,-38.06,
03/05/2025,03/06/2025,AMAZON MKTPLACE PMTS,Shopping,Return,91.98,
03/04/2025,03/06/2025,KROGER 5879,Groceries,Sale,-124.76,
03/05/2025,03/06/2025,AMAZON MKTPLACE PMTS,Shopping,Return,43.29,
03/05/2025,03/06/2025,AMAZON MKTPLACE PMTS,Shopping,Return,36.91,
03/04/2025,03/05/2025,CTLP*CANTEEN VENDING,Food & Drink,Sale,-1.85,
03/04/2025,03/05/2025,WORLD VISION DONATION,Gifts & Donations,Sale,-39.00,
03/05/2025,03/05/2025,Spotify USA,Bills & Utilities,Sale,-12.98,
03/04/2025,03/05/2025,SONIC DRIVE IN #3638,Food & Drink,Sale,-8.60,
03/03/2025,03/04/2025,CTLP*CANTEEN VENDING,Food & Drink,Sale,-1.85,
03/02/2025,03/03/2025,Google One,Entertainment,Sale,-3.19,
03/01/2025,03/03/2025,Amazon.com*7F53N0HV3,Shopping,Sale,-45.98,
03/02/2025,03/03/2025,SOLSTICE,Bills & Utilities,Sale,-8.13,
03/02/2025,03/03/2025,AMAZON MKTPL*518NW5EU3,Shopping,Sale,-60.75,
03/02/2025,03/03/2025,EVERYPLATE,Groceries,Sale,-130.79,
03/01/2025,03/02/2025,AMAZON MKTPL*IY6OT85I3,Shopping,Sale,-21.83,
02/28/2025,03/02/2025,ELEMENTS MASSAGE FRISCO,Health & Wellness,Sale,-35.00,
02/27/2025,03/02/2025,CHICK-FIL-A #02093,Food & Drink,Sale,-11.96,
03/01/2025,03/02/2025,AMAZON MKTPL*VK16C4S33,Shopping,Sale,-63.36,
03/01/2025,03/02/2025,AMAZON MKTPL*LD9ZF3SN3,Shopping,Sale,-56.74,
02/26/2025,02/28/2025,MEDICAL SERVICES,Health & Wellness,Sale,-45.00,
02/27/2025,02/28/2025,AMAZON MKTPL*E05T95XX3,Shopping,Sale,-59.81,
02/27/2025,02/28/2025,CHIPOTLE 2851,Food & Drink,Sale,-0.54,
02/27/2025,02/28/2025,CHIPOTLE MEX GR ONLINE,Food & Drink,Sale,-20.57,
02/27/2025,02/28/2025,GREEN MOUNTAIN ENERGY,Bills & Utilities,Sale,-218.90,
02/27/2025,02/28/2025,AMAZON MKTPL*1M1BT24I3,Shopping,Sale,-36.95,
02/26/2025,02/27/2025,AMAZON MKTPL*H99QE7M93,Shopping,Sale,-83.90,
02/26/2025,02/27/2025,Prime Video Channels,Shopping,Sale,-1.88,
02/26/2025,02/27/2025,AMAZON MKTPL*OT4PR4SK3,Shopping,Sale,-3.46,
02/27/2025,02/27/2025,AMAZON MKTPL*SZ4KN7ZS3,Shopping,Sale,-221.86,
02/27/2025,02/27/2025,AMAZON MKTPL*QG8H08LJ3,Shopping,Sale,-32.44,
02/25/2025,02/26/2025,AMAZON MKTPLACE PMTS,Shopping,Return,40.99,
02/25/2025,02/26/2025,GOVMNTAPPS.COM,Professional Services,Return,18.00,
02/25/2025,02/26/2025,GOVMNTAPPS.COM,Professional Services,Return,0.63,
02/24/2025,02/25/2025,AMAZON MKTPLACE PMTS,Shopping,Return,153.44,
02/24/2025,02/25/2025,AMAZON MKTPL*AQ2LG18L3,Shopping,Sale,-46.39,
02/24/2025,02/25/2025,AMAZON MKTPLACE PMTS,Shopping,Return,21.63,
02/25/2025,02/25/2025,AMAZON MKTPLACE PMTS,Shopping,Return,18.39,
02/24/2025,02/25/2025,AMAZON MKTPLACE PMTS,Shopping,Return,34.63,
02/24/2025,02/25/2025,AMAZON MKTPLACE PMTS,Shopping,Return,34.63,
02/24/2025,02/25/2025,Amazon.com*RQ0ML19W3,Shopping,Sale,-37.41,
02/24/2025,02/25/2025,AMAZON MKTPLACE PMTS,Shopping,Return,45.99,
02/24/2025,02/25/2025,AMAZON MKTPLACE PMTS,Shopping,Return,36.04,
02/25/2025,02/25/2025,AMAZON MKTPL*HR4AU9EI3,Shopping,Sale,-33.07,
02/24/2025,02/25/2025,AMAZON MKTPL*FS5LB5ME3,Shopping,Sale,-27.59,
02/24/2025,02/25/2025,Amazon.com*AB3YM3QA3,Shopping,Sale,-119.61,
02/24/2025,02/25/2025,AMAZON MKTPLACE PMTS,Shopping,Return,42.39,
02/24/2025,02/25/2025,GOVMNTAPPS.COM,Professional Services,Sale,-25.07,
02/24/2025,02/25/2025,AMAZON MKTPLACE PMTS,Shopping,Return,18.39,
02/24/2025,02/25/2025,AMAZON MKTPLACE PMTS,Shopping,Return,44.58,
02/25/2025,02/25/2025,AMAZON MKTPLACE PMTS,Shopping,Return,39.99,
02/25/2025,02/25/2025,AMAZON MKTPLACE PMTS,Shopping,Return,36.78,
02/24/2025,02/25/2025,AMAZON MKTPLACE PMTS,Shopping,Return,35.06,
02/25/2025,02/25/2025,AMAZON MKTPLACE PMTS,Shopping,Return,41.39,
02/21/2025,02/23/2025,CHIPOTLE 2851,Food & Drink,Sale,-0.54,
02/21/2025,02/23/2025,CHIPOTLE MEX GR ONLINE,Food & Drink,Sale,-13.26,
02/21/2025,02/23/2025,NTTA AUTOCHARGE,Travel,Sale,-20.00,
02/20/2025,02/23/2025,DONUT BAR,Shopping,Sale,-5.70,
02/20/2025,02/21/2025,AMAZON PRIME*BE8FZ6PY3,Shopping,Sale,-3.24,
02/19/2025,02/21/2025,KROGER 5879,Groceries,Sale,-162.97,
02/19/2025,02/21/2025,DENTON VEHREG,Bills & Utilities,Sale,-75.25,
02/20/2025,02/20/2025,Payment Thank You-Mobile,,Payment,3643.61,
02/19/2025,02/20/2025,PHR*MFM Spec of Dallas,Health & Wellness,Sale,-885.34,
02/19/2025,02/20/2025,TX.GOV*SERVICEFEE-DIR,Bills & Utilities,Sale,-2.00,
02/19/2025,02/20/2025,BESTBUYCOM807034497511,Shopping,Sale,-42.50,
02/11/2025,02/19/2025,LEGACY OBGYN,Health & Wellness,Return,363.80,
02/18/2025,02/19/2025,Amazon.com*UN9F18J03,Shopping,Sale,-72.30,
02/17/2025,02/19/2025,CHICK-FIL-A  # 01033,Food & Drink,Sale,-10.92,
02/17/2025,02/18/2025,AMAZON MKTPLACE PMTS,Shopping,Return,24.14,
02/17/2025,02/18/2025,SP UQORA,Health & Wellness,Sale,-40.00,
02/17/2025,02/18/2025,AMAZON MKTPLACE PMTS,Shopping,Return,35.99,
02/18/2025,02/18/2025,AMAZON MKTPLACE PMTS,Shopping,Return,17.64,
02/17/2025,02/18/2025,AMAZON MKTPLACE PMTS,Shopping,Return,99.69,
02/17/2025,02/18/2025,AMAZON MKTPLACE PMTS,Shopping,Return,76.88,
02/17/2025,02/18/2025,AMAZON MKTPLACE PMTS,Shopping,Return,29.59,
02/17/2025,02/18/2025,AMAZON MKTPLACE PMTS,Shopping,Return,37.05,
02/18/2025,02/18/2025,Cinemark,Entertainment,Sale,-11.90,
02/18/2025,02/18/2025,AMAZON MKTPLACE PMTS,Shopping,Return,24.14,
02/17/2025,02/18/2025,AMAZON MKTPLACE PMTS,Shopping,Return,15.45,
02/17/2025,02/18/2025,AMAZON MKTPLACE PMTS,Shopping,Return,38.82,
02/16/2025,02/17/2025,EVERYPLATE,Groceries,Sale,-106.83,
02/15/2025,02/17/2025,ELEMENTS MASSAGE FRISCO,Health & Wellness,Sale,-79.00,
02/16/2025,02/17/2025,KROGER #0879,Groceries,Sale,-7.49,
02/17/2025,02/17/2025,EMF*AIR1,Gifts & Donations,Sale,-30.00,
02/14/2025,02/16/2025,AMAZON MKTPL*E75C79YX3,Shopping,Sale,-32.54,
02/14/2025,02/16/2025,AMAZON MKTPL*VE5V85I43,Shopping,Sale,-40.13,
02/14/2025,02/16/2025,Amazon.com*6V6CS9VM3,Shopping,Sale,-26.28,
02/14/2025,02/16/2025,AMAZON MKTPL*8A3KS1GR3,Shopping,Sale,-22.72,
02/15/2025,02/16/2025,AMAZON MKTPL*9Z62T7L43,Shopping,Sale,-34.63,
02/14/2025,02/16/2025,CC* CRUMBL CASTLEHILLS,Groceries,Sale,-16.98,
02/14/2025,02/16/2025,Amazon.com*AW8B60Y63,Shopping,Sale,-24.67,
02/14/2025,02/16/2025,Amazon.com*EA1KV0EZ3,Shopping,Sale,-23.17,
02/12/2025,02/14/2025,RAISING CANES 0198,Food & Drink,Sale,-12.76,
02/13/2025,02/13/2025,Amazon.com*6Y18X7J23,Shopping,Sale,-29.92,
02/12/2025,02/13/2025,SQ *MEETCHA BUBBLE TEA CA,Food & Drink,Sale,-5.20,
02/12/2025,02/13/2025,Amazon.com*RK4OK3IW3,Shopping,Sale,-11.02,
02/11/2025,02/13/2025,PY *JII - JEREMIAHS OF FR,Food & Drink,Sale,-5.19,
02/13/2025,02/13/2025,AMAZON MKTPL*Y058B4DM3,Shopping,Sale,-84.41,
02/12/2025,02/13/2025,Amazon.com*QT37B4133,Shopping,Sale,-16.05,
02/13/2025,02/13/2025,AMAZON MKTPL*LU2OQ9443,Shopping,Sale,-59.25,
02/12/2025,02/13/2025,ORTHOTEXAS CARROLLTON,Health & Wellness,Sale,-30.00,
02/11/2025,02/13/2025,CHICK-FIL-A  # 00774,Food & Drink,Sale,-19.90,
02/10/2025,02/12/2025,CIRCLE K #2742375,Gas,Sale,-28.15,
02/11/2025,02/12/2025,Amazon.com*CV6122L93,Shopping,Sale,-172.05,
02/10/2025,02/11/2025,NTTA AUTOCHARGE,Travel,Sale,-20.00,
02/10/2025,02/11/2025,ORTHOTEXAS CARROLLTON,Health & Wellness,Sale,-30.00,
02/10/2025,02/11/2025,ORTHOTEXAS CARROLLTON,Health & Wellness,Sale,-30.00,
02/10/2025,02/11/2025,AMAZON MKTPL*0S82K3ID3,Shopping,Sale,-28.09,
02/10/2025,02/10/2025,Payment Thank You-Mobile,,Payment,2866.44,
02/09/2025,02/10/2025,EVERYPLATE,Groceries,Sale,-107.79,
02/08/2025,02/10/2025,CAR SPA 27,Automotive,Sale,-18.50,
02/07/2025,02/09/2025,NTTA AUTOCHARGE,Travel,Sale,-20.00,
02/08/2025,02/09/2025,MAVIS04451,Automotive,Sale,-122.32,
02/05/2025,02/07/2025,KROGER 5879,Groceries,Sale,-131.57,
02/05/2025,02/07/2025,ORTHOTEXAS,Health & Wellness,Return,224.92,
02/06/2025,02/07/2025,AMAZON MKTPL*Z78GF0PH1,Shopping,Sale,-17.77,
02/06/2025,02/07/2025,WINGSTOP 165,Food & Drink,Sale,-16.65,
02/05/2025,02/06/2025,AMAZON MKTPL*Z71LI6NI1,Shopping,Sale,-35.99,
02/04/2025,02/06/2025,CIRCLE K #2742375,Gas,Sale,-32.82,
02/05/2025,02/06/2025,ELEMENTS MASSAGE FRISCO,Health & Wellness,Sale,-35.00,
02/04/2025,02/05/2025,WORLD VISION DONATION,Gifts & Donations,Sale,-39.00,
02/05/2025,02/05/2025,Spotify USA,Bills & Utilities,Sale,-12.98,
02/04/2025,02/05/2025,NTTA AUTOCHARGE,Travel,Sale,-20.00,
02/04/2025,02/05/2025,CTLP*Canteen Vending S,Food & Drink,Sale,-1.85,
02/03/2025,02/04/2025,CTLP*Canteen Vending S,Food & Drink,Sale,-1.85,
02/04/2025,02/04/2025,NTTA AUTOCHARGE,Travel,Sale,-20.00,
02/02/2025,02/03/2025,Amazon.com*SC3I00LY3,Shopping,Sale,-35.17,
02/02/2025,02/03/2025,SOLSTICE,Bills & Utilities,Sale,-8.13,
02/02/2025,02/03/2025,EVERYPLATE,Groceries,Sale,-106.83,
02/02/2025,02/03/2025,Amazon.com*Z70YC7LN0,Shopping,Sale,-16.22,
02/02/2025,02/03/2025,GOOGLE *Google One,Professional Services,Sale,-3.19,
01/30/2025,02/02/2025,CHICK-FIL-A  # 00774,Food & Drink,Sale,-8.05,
01/31/2025,02/02/2025,NTTA AUTOCHARGE,Travel,Sale,-20.00,
01/31/2025,02/02/2025,PATHADVANTAGE ASSOCIATED,Health & Wellness,Sale,-43.16,
01/30/2025,01/31/2025,STARBUCKS 800-782-7282,Food & Drink,Sale,-10.00,
01/29/2025,01/30/2025,ORTHOTEXAS CARROLLTON,Health & Wellness,Sale,-30.00,
01/28/2025,01/29/2025,CTLP*Canteen Vending S,Food & Drink,Sale,-1.85,
01/28/2025,01/29/2025,CTLP*Canteen Vending S,Food & Drink,Sale,-1.85,
01/28/2025,01/29/2025,NTTA AUTOCHARGE,Travel,Sale,-20.00,
01/28/2025,01/29/2025,CTLP*Canteen Vending S,Food & Drink,Sale,-1.85,
01/28/2025,01/29/2025,CTLP*Canteen Vending S,Food & Drink,Sale,-2.10,
01/28/2025,01/29/2025,CTLP*Canteen Vending S,Food & Drink,Sale,-2.10,
01/29/2025,01/29/2025,AMAZON MKTPL*Z72FI6GK2,Shopping,Sale,-167.86,
01/27/2025,01/29/2025,GREEN MOUNTAIN ENERGY,Bills & Utilities,Sale,-127.50,
01/27/2025,01/29/2025,CTLP*Canteen Vending S,Food & Drink,Sale,-1.85,
01/27/2025,01/29/2025,ORTHOTEXAS CARROLLTON,Health & Wellness,Sale,-30.00,
01/25/2025,01/28/2025,KROGER 5879,Groceries,Sale,-184.75,
01/26/2025,01/28/2025,Amazon.com*ZC5PU54W0,Shopping,Sale,-5.32,
01/26/2025,01/28/2025,EVERYPLATE,Groceries,Sale,-98.21,
01/26/2025,01/28/2025,Prime Video Channels,Shopping,Sale,-12.44,
01/25/2025,01/28/2025,TRULY FREE INC,Shopping,Sale,-42.22,
01/24/2025,01/26/2025,CTLP*Canteen Vending S,Food & Drink,Sale,-1.85,
01/23/2025,01/26/2025,McDonalds 13619,Food & Drink,Sale,-1.08,
01/24/2025,01/26/2025,NTTA AUTOCHARGE,Travel,Sale,-20.00,
01/23/2025,01/24/2025,AMZN Mktp US*ZG6FP6FS1,Shopping,Sale,-77.93,
01/21/2025,01/23/2025,RAISING CANES 0198,Food & Drink,Sale,-12.23,
01/23/2025,01/23/2025,MYRIAD WOMEN'S HEALTH INC,Health & Wellness,Sale,-91.90,
01/22/2025,01/23/2025,ASI LLOYDS,Bills & Utilities,Sale,-125.86,
01/23/2025,01/23/2025,Amazon.com*ZG0KU6QZ0,Shopping,Sale,-22.09,
01/22/2025,01/23/2025,ORTHOTEXAS CARROLLTON,Health & Wellness,Sale,-30.00,
01/22/2025,01/23/2025,SONIC DRIVE IN #3638,Food & Drink,Sale,-2.00,
01/23/2025,01/23/2025,AMAZON MKTPL*ZC4BO6H62,Shopping,Sale,-54.77,
01/22/2025,01/23/2025,SONIC DRIVE IN #3638,Food & Drink,Sale,-2.00,
01/22/2025,01/22/2025,AMZN Mktp US*Z54TH7K91,Shopping,Sale,-10.18,
01/21/2025,01/22/2025,AMAZON MKTPL*Z533H7621,Shopping,Sale,-28.47,
01/20/2025,01/21/2025,SP UQORA,Health & Wellness,Sale,-40.00,
01/20/2025,01/21/2025,AMAZON PRIME*ZG69E9AZ0,Shopping,Sale,-3.24,
01/17/2025,01/19/2025,ELEVATE-PT BILLING,Health & Wellness,Sale,-216.46,
01/18/2025,01/19/2025,PROGRESSIVE INS,Bills & Utilities,Sale,-1101.00,
01/18/2025,01/19/2025,Cinemark,Entertainment,Sale,-11.90,
01/18/2025,01/19/2025,AMAZON MKTPL*Z53ZO1TV1,Shopping,Sale,-46.92,
01/18/2025,01/19/2025,99 RANCH #1108,Groceries,Sale,-35.52,
01/16/2025,01/17/2025,CLASSBENTO 99V88D8SP,Shopping,Sale,-50.00,
01/17/2025,01/17/2025,EMF*AIR1,Gifts & Donations,Sale,-30.00,
01/17/2025,01/17/2025,SP REBELSTORK,Shopping,Sale,-218.69,
01/16/2025,01/17/2025,AMAZON MKTPL*Z510Q76W0,Shopping,Sale,-18.28,
01/14/2025,01/16/2025,KROGER 5879,Groceries,Sale,-73.62,
01/15/2025,01/16/2025,ELEMENTS MASSAGE FRISCO,Health & Wellness,Sale,-79.00,
01/14/2025,01/15/2025,ORTHOTEXAS CARROLLTON,Health & Wellness,Sale,-30.00,
01/13/2025,01/14/2025,AMZN Mktp US*ZG2465CW2,Shopping,Sale,-29.20,
01/13/2025,01/14/2025,AMZN Mktp US*ZG88A2C92,Shopping,Sale,-29.98,
01/13/2025,01/14/2025,Amazon.com*Z52G30JB0,Shopping,Sale,-61.63,
01/13/2025,01/13/2025,Amazon.com*Z51I12I22,Shopping,Sale,-29.26,
01/13/2025,01/13/2025,AMAZON MKTPL*Z51797IP2,Shopping,Sale,-7.57,
01/13/2025,01/13/2025,Amazon.com*Z52PF2FA0,Shopping,Sale,-13.87,
01/12/2025,01/13/2025,EVERYPLATE,Groceries,Sale,-130.79,
01/12/2025,01/12/2025,GOOGLE *YouTube Videos,Shopping,Sale,-4.32,
01/08/2025,01/10/2025,QT 917,Gas,Sale,-32.16,
01/07/2025,01/09/2025,KROGER 5879,Groceries,Sale,-149.50,
01/08/2025,01/09/2025,NTTA AUTOCHARGE,Travel,Sale,-20.00,
01/08/2025,01/08/2025,WF *WAYFAIR3576063969,Home,Sale,-776.16,
01/07/2025,01/08/2025,SONIC DRIVE IN #3638,Food & Drink,Sale,-5.11,
12/31/2024,01/07/2025,LEGACY OBGYN,Health & Wellness,Return,114.70,
01/06/2025,01/07/2025,EVERYPLATE,Groceries,Sale,-68.78,
12/31/2024,01/07/2025,LEGACY OBGYN,Health & Wellness,Return,30.42,
01/07/2025,01/07/2025,AMAZON MKTPL*ZD4GT8W22,Shopping,Sale,-16.23,
01/07/2025,01/07/2025,AMAZON MKTPL*ZD6EG6ZB0,Shopping,Sale,-17.31,
01/04/2025,01/06/2025,AMAZON MKTPL*ZD6A23522,Shopping,Sale,-20.56,
01/05/2025,01/06/2025,CHIPOTLE ONLINE,Food & Drink,Sale,-12.34,
01/03/2025,01/06/2025,TEA'S MEMORY,Food & Drink,Sale,-7.84,
01/05/2025,01/06/2025,AMAZON MKTPL*ZP8188AX1,Shopping,Sale,-8.65,
01/05/2025,01/06/2025,AMAZON MKTPL*ZD8I70HQ2,Shopping,Sale,-1.15,
01/04/2025,01/05/2025,Amazon.com,Shopping,Return,21.64,
01/04/2025,01/05/2025,AMAZON MKTPLACE PMTS,Shopping,Return,16.23,
01/05/2025,01/05/2025,Spotify USA,Bills & Utilities,Sale,-12.98,
01/03/2025,01/05/2025,HAND &amp; STONE - FRISCO,Health & Wellness,Sale,-20.00,
01/03/2025,01/05/2025,CHIPOTLE 2851,Food & Drink,Sale,-0.54,
01/03/2025,01/05/2025,AMAZON MKTPL*ZP5MT78L0,Shopping,Sale,-35.06,
01/04/2025,01/05/2025,WORLD VISION DONATION,Gifts & Donations,Sale,-39.00,
01/03/2025,01/05/2025,CHIPOTLE ONLINE,Food & Drink,Sale,-12.34,
01/03/2025,01/05/2025,CHICK-FIL-A  # 00774,Food & Drink,Sale,-12.05,
01/04/2025,01/05/2025,AMAZON MKTPLACE PMTS,Shopping,Return,20.77,
01/03/2025,01/05/2025,AMAZON MKTPLACE PMTS,Shopping,Return,41.12,
01/04/2025,01/05/2025,AMAZON MKTPLACE PMTS,Shopping,Return,10.16,
01/03/2025,01/05/2025,ORTHOTEXAS CARROLLTON,Health & Wellness,Sale,-30.00,
01/04/2025,01/05/2025,AMAZON MKTPLACE PMTS,Shopping,Return,47.59,
01/04/2025,01/05/2025,AMAZON MKTPLACE PMTS,Shopping,Return,19.99,
01/02/2025,01/03/2025,Amazon.com*ZD96D0ZR2,Shopping,Sale,-324.73,
01/02/2025,01/03/2025,GOOGLE *Google One,Shopping,Sale,-3.19,
01/02/2025,01/03/2025,SONIC DRIVE IN #5483,Food & Drink,Sale,-7.00,
01/02/2025,01/03/2025,PHILRX PHARMACY,Shopping,Sale,-99.00,
01/01/2025,01/02/2025,SOLSTICE,Bills & Utilities,Sale,-8.13,
12/31/2024,01/01/2025,Amazon.com*ZP1ZR8792,Shopping,Sale,-21.65,
12/31/2024,01/01/2025,AMAZON MKTPL*ZP8TH27K2,Shopping,Sale,-27.76,
12/30/2024,12/31/2024,AMAZON MKTPL*ZE0VK0WY0,Shopping,Sale,-47.62,
12/29/2024,12/31/2024,TST*ROMAN CUCINA - DALLA,Food & Drink,Sale,-24.20,
12/30/2024,12/31/2024,Givex* Smoothie King B2C,Travel,Sale,-5.00,
12/30/2024,12/31/2024,Amazon.com*ZE8ZD2581,Shopping,Sale,-15.83,
12/30/2024,12/31/2024,SERENITY LIFE DOULA,Health & Wellness,Sale,-300.00,
12/30/2024,12/31/2024,Amazon.com*ZP8XT1DU2,Shopping,Sale,-5.00,
12/30/2024,12/31/2024,Amazon.com*ZE8GE4531,Shopping,Sale,-5.00,
12/29/2024,12/30/2024,AMAZON MKTPL*ZE4TF2AH1,Shopping,Sale,-20.55,
12/29/2024,12/30/2024,AMAZON MKTPL*ZE1PB5AN1,Shopping,Sale,-7.77,
12/27/2024,12/29/2024,GREEN MOUNTAIN ENERGY,Bills & Utilities,Sale,-91.06,
12/28/2024,12/29/2024,DD *DOORDASH SUSHIFROM,Food & Drink,Sale,-52.40,
12/27/2024,12/29/2024,AMAZON MKTPL*ZE46G3O41,Shopping,Sale,-36.04,
12/27/2024,12/29/2024,AMAZON MKTPL*ZE9632OM1,Shopping,Sale,-4.08,
12/27/2024,12/29/2024,AMAZON MKTPLACE PMTS,Shopping,Return,118.96,
12/27/2024,12/29/2024,AMAZON MKTPLACE PMTS,Shopping,Return,173.15,
12/27/2024,12/29/2024,AMAZON MKTPLACE PMTS,Shopping,Return,139.95,
12/27/2024,12/29/2024,AMAZON MKTPLACE PMTS,Shopping,Return,34.63,
12/27/2024,12/29/2024,AMAZON MKTPL*Z982X4I81,Shopping,Sale,-167.74,
12/28/2024,12/29/2024,AMAZON MKTPL*ZE1EC9D60,Shopping,Sale,-43.29,
12/27/2024,12/29/2024,Prime Video *ZP6R75LY2,Shopping,Sale,-4.32,
12/27/2024,12/29/2024,AMAZON MKTPLACE PMTS,Shopping,Return,16.21,
12/27/2024,12/29/2024,AMAZON MKTPLACE PMTS,Shopping,Return,59.48,
12/26/2024,12/27/2024,Prime Video Channels,Shopping,Sale,-10.81,
12/27/2024,12/27/2024,VIVID SEATS *PETER PAN,Entertainment,Sale,-124.66,
12/23/2024,12/25/2024,KROGER 5879,Groceries,Return,6.29,
12/23/2024,12/24/2024,SONIC DRIVE IN #3638,Food & Drink,Sale,-3.00,
12/23/2024,12/24/2024,DOLLAR TREE,Shopping,Sale,-5.41,
12/23/2024,12/24/2024,CHIPOTLE ONLINE,Food & Drink,Sale,-23.17,
12/23/2024,12/24/2024,ORTHOTEXAS CARROLLTON,Health & Wellness,Sale,-30.00,
12/22/2024,12/23/2024,AMAZON MKTPL*ZE3I99EX2,Shopping,Sale,-67.19,
12/22/2024,12/23/2024,AMAZON MKTPL*Z99GC16J0,Shopping,Sale,-5.77,
12/23/2024,12/23/2024,SP UQORA,Health & Wellness,Sale,-40.00,
12/22/2024,12/23/2024,AMAZON MKTPL*Z93KV6260,Shopping,Sale,-124.13,
12/22/2024,12/23/2024,AMAZON MKTPL*Z94I88D70,Shopping,Sale,-30.38,
12/22/2024,12/22/2024,Payment Thank You-Mobile,,Payment,3037.02,
12/21/2024,12/22/2024,AMAZON MKTPL*Z93OT6BO0,Shopping,Sale,-73.53,
12/20/2024,12/22/2024,AMAZON MKTPL*Z96SK3WE2,Shopping,Sale,-21.64,
12/20/2024,12/22/2024,ORTHOTEXAS CARROLLTON,Health & Wellness,Sale,-30.00,
12/21/2024,12/22/2024,AMAZON MKTPL*Z954L9GK0,Shopping,Sale,-18.99,
12/20/2024,12/22/2024,Etsy,Shopping,Sale,-5.72,
12/20/2024,12/22/2024,AMAZON MKTPL*Z92IX8IE2,Shopping,Sale,-153.44,
12/21/2024,12/22/2024,AMAZON MKTPL*Z90BI9MV0,Shopping,Sale,-40.91,
12/20/2024,12/22/2024,AMAZON PRIME*Z95N43RH2,Shopping,Sale,-3.24,
12/18/2024,12/20/2024,KROGER 5879,Groceries,Sale,-192.61,
12/19/2024,12/20/2024,AMAZON MKTPL*Z91O02582,Shopping,Sale,-21.53,
12/18/2024,12/19/2024,ORTHOTEXAS CARROLLTON,Health & Wellness,Sale,-30.00,
12/18/2024,12/19/2024,SALAD AND GO,Food & Drink,Sale,-9.49,
12/18/2024,12/19/2024,AMAZON MKTPL*Z19TT5RD0,Shopping,Sale,-28.32,
12/17/2024,12/18/2024,USAP OF TEXAS PA,Health & Wellness,Sale,-308.04,
12/16/2024,12/18/2024,CIRCLE K #2742375,Gas,Sale,-29.88,
12/18/2024,12/18/2024,Cinemark,Entertainment,Sale,-11.90,
12/16/2024,12/18/2024,ZSK*CE ANDRETTIS DLS P,Entertainment,Sale,-25.00,
12/12/2024,12/17/2024,ORTHOTEXAS CARROLLTON,Health & Wellness,Return,10.00,
12/16/2024,12/17/2024,TST* TWISTED ROOT - ARLIN,Food & Drink,Sale,-28.88,
12/16/2024,12/17/2024,NTTA AUTOCHARGE,Travel,Sale,-20.00,
12/17/2024,12/17/2024,EMF*AIR1,Gifts & Donations,Sale,-30.00,
12/16/2024,12/17/2024,AMAZON MKTPL*Z19BU9GS0,Shopping,Sale,-8.76,
12/15/2024,12/16/2024,AMAZON MKTPL*ZX1JX4851,Shopping,Sale,-59.55,
12/16/2024,12/16/2024,AMAZON MKTPL*ZX3YQ5IE1,Shopping,Sale,-35.63,
12/15/2024,12/16/2024,AMAZON MKTPL*Z18Y186F2,Shopping,Sale,-40.04,
12/14/2024,12/15/2024,AMAZON MKTPL*ZX2281UP0,Shopping,Sale,-34.63,
12/14/2024,12/15/2024,AMAZON MKTPL*Z10BB25B2,Shopping,Sale,-34.63,
12/12/2024,12/15/2024,CHICK-FIL-A #03981,Food & Drink,Sale,-5.13,
12/13/2024,12/15/2024,AMAZON MKTPL*ZX2A60BV0,Shopping,Sale,-43.29,
12/13/2024,12/15/2024,AMAZON MKTPL*Z17H71N72,Shopping,Sale,-144.73,
12/13/2024,12/15/2024,SCHLOTZSKYS #100232,Food & Drink,Sale,-29.86,
12/13/2024,12/15/2024,AMAZON MKTPL*ZX6JG53B1,Shopping,Sale,-41.12,
12/13/2024,12/15/2024,AMAZON MKTPL*ZX6GJ4JK1,Shopping,Sale,-63.48,
12/13/2024,12/15/2024,NTTA AUTOCHARGE,Travel,Sale,-20.00,
12/13/2024,12/15/2024,AMAZON MKTPL*ZX1UY1TU1,Shopping,Sale,-139.95,
12/13/2024,12/15/2024,AMAZON MKTPL*ZX0179HW0,Shopping,Sale,-21.64,
12/13/2024,12/15/2024,CHICK-FIL-A  # 00774,Food & Drink,Sale,-5.13,
12/13/2024,12/15/2024,SHELL OIL 12548147003,Gas,Sale,-25.92,
12/13/2024,12/15/2024,Amazon.com*Z137M9EN2,Shopping,Sale,-37.56,
12/12/2024,12/13/2024,AMAZON MKTPL*ZX5OT3V30,Shopping,Sale,-43.29,
12/12/2024,12/13/2024,Amazon.com*Z15DL2C62,Shopping,Sale,-17.94,
12/12/2024,12/13/2024,AMAZON MKTPL*ZX8FY2WR2,Shopping,Sale,-74.35,
12/12/2024,12/13/2024,Amazon.com*ZX0KK5XP0,Shopping,Sale,-66.95,
12/12/2024,12/13/2024,CANTEEN VENDING,Food & Drink,Sale,-1.85,
12/12/2024,12/13/2024,WALMART.COM,Shopping,Sale,-56.92,
12/12/2024,12/13/2024,AMAZON MKTPL*ZX5H21MO0,Shopping,Sale,-166.95,
12/11/2024,12/12/2024,AMAZON MKTPL*ZX0Y146I2,Shopping,Sale,-121.35,
12/12/2024,12/12/2024,SP MADE BY MARY,Shopping,Sale,-121.99,
12/11/2024,12/12/2024,AMAZON MKTPL*ZX0BA1JR0,Shopping,Sale,-313.10,
12/11/2024,12/12/2024,AMAZON MKTPL*ZR0EB9SJ1,Shopping,Sale,-36.99,
12/10/2024,12/11/2024,Etsy.com - CreationConne,Shopping,Sale,-13.80,
12/10/2024,12/11/2024,ORTHOTEXAS CARROLLTON,Health & Wellness,Sale,-30.00,
12/10/2024,12/11/2024,CANTEEN VENDING,Food & Drink,Sale,-1.85,
12/10/2024,12/11/2024,NTTA AUTOCHARGE,Travel,Sale,-20.00,
12/10/2024,12/11/2024,DD *DOORDASH WINGSTOP,Food & Drink,Sale,-25.65,
12/10/2024,12/10/2024,Payment Thank You-Mobile,,Payment,829.86,
12/09/2024,12/10/2024,SONIC DRIVE IN #5632,Food & Drink,Sale,-3.14,
12/09/2024,12/10/2024,CANTEEN VENDING,Food & Drink,Sale,-1.85,
12/09/2024,12/10/2024,CANTEEN VENDING,Food & Drink,Sale,-1.85,
12/09/2024,12/10/2024,AMZN Mktp US*ZX98O44F2,Shopping,Sale,-400.50,
12/08/2024,12/09/2024,CHIPOTLE ONLINE,Food & Drink,Sale,-21.27,
12/07/2024,12/08/2024,SQ *JAPANESE SCHOOL OF DA,Education,Sale,-4.00,
12/06/2024,12/08/2024,AMAZON MKTPL*ZL4B25KX1,Shopping,Sale,-29.10,
12/06/2024,12/08/2024,CIRCLE K #2742375,Gas,Sale,-30.50,
12/07/2024,12/08/2024,AMAZON MKTPL*ZR85J46S2,Shopping,Sale,-76.81,
12/06/2024,12/08/2024,AMAZON MKTPL*ZR1SH9NU0,Shopping,Sale,-255.30,
12/06/2024,12/08/2024,AMAZON MKTPL*ZL4AG9KZ1,Shopping,Sale,-31.93,
12/05/2024,12/06/2024,Payment Thank You-Mobile,,Payment,780.57,
12/05/2024,12/06/2024,CHIPOTLE ONLINE,Food & Drink,Sale,-23.00,
12/05/2024,12/06/2024,NTTA AUTOCHARGE,Travel,Sale,-20.00,
12/05/2024,12/06/2024,AMAZON MKTPL*ZR63L1392,Shopping,Sale,-36.31,
12/05/2024,12/06/2024,SONIC DRIVE IN #5501,Food & Drink,Sale,-13.41,
12/05/2024,12/06/2024,Amazon.com*ZL7OP1Y80,Shopping,Sale,-17.23,
12/05/2024,12/06/2024,Amazon.com*ZR9R77NT2,Shopping,Sale,-21.64,
12/05/2024,12/06/2024,AMZN Mktp US*ZL1I72MH1,Shopping,Sale,-25.15,
12/05/2024,12/06/2024,AMAZON MKTPL*ZR11M43Z2,Shopping,Sale,-28.13,
12/05/2024,12/05/2024,Spotify USA,Bills & Utilities,Sale,-12.98,
12/04/2024,12/05/2024,ORTHOTEXAS CARROLLTON,Health & Wellness,Sale,-30.00,
12/04/2024,12/05/2024,EMF*AIR1,Gifts & Donations,Sale,-25.00,
12/04/2024,12/05/2024,WORLD VISION DONATION,Gifts & Donations,Sale,-39.00,
12/04/2024,12/05/2024,SP 8 SHEEP ORGANICS,Shopping,Sale,-89.10,
12/03/2024,12/04/2024,CANTEEN VENDING,Food & Drink,Sale,-3.70,
12/03/2024,12/04/2024,Amazon.com*ZL5D33FD1,Shopping,Sale,-32.19,
12/03/2024,12/04/2024,Amazon.com*ZL8KD83M1,Shopping,Sale,-51.30,
12/02/2024,12/03/2024,GOOGLE *Google One,Shopping,Sale,-3.19,
12/01/2024,12/02/2024,AMAZON MKTPL*ZL92J23C0,Shopping,Sale,-122.31,
12/01/2024,12/02/2024,SP LIBERTY PUZZLES,Shopping,Sale,-192.67,
12/01/2024,12/02/2024,Amazon.com*ZL3NV8NG0,Shopping,Sale,-10.81,
12/01/2024,12/02/2024,AMAZON MKTPL*ZL9R03JV2,Shopping,Sale,-150.23,
11/29/2024,12/01/2024,Payment Thank You-Mobile,,Payment,695.34,
11/30/2024,12/01/2024,AMAZON MKTPL*Z36Y88VD1,Shopping,Sale,-75.55,
11/29/2024,12/01/2024,ELEMENTS MASSAGE FRISCO,Health & Wellness,Return,79.00,
11/29/2024,12/01/2024,CHIPOTLE ONLINE,Food & Drink,Sale,-12.23,
11/29/2024,12/01/2024,AMAZON MKTPL*Z36L02EQ1,Shopping,Sale,-103.09,
11/28/2024,11/29/2024,AMAZON MKTPL*Z326R9NP1,Shopping,Sale,-8.65,
11/27/2024,11/29/2024,Etsy.com - TheMugMommy,Shopping,Sale,-69.86,
11/29/2024,11/29/2024,ETSY  INC.,Shopping,Sale,-23.79,
11/27/2024,11/28/2024,GREEN MOUNTAIN ENERGY,Bills & Utilities,Sale,-81.26,
11/27/2024,11/28/2024,SALAD AND GO,Food & Drink,Sale,-8.96,
11/25/2024,11/27/2024,RACETRAC 77   00000778,Gas,Sale,-25.58,
11/26/2024,11/27/2024,AMAZON MKTPL*Z36QZ2NL0,Shopping,Sale,-180.52,
11/26/2024,11/27/2024,Prime Video Channels,Shopping,Sale,-10.81,
11/26/2024,11/27/2024,AMAZON MKTPL*Z38FV1L62,Shopping,Sale,-41.54,
11/26/2024,11/27/2024,AMAZON MKTPL*Z35XM0EC0,Shopping,Sale,-26.49,
11/24/2024,11/26/2024,RAISING CANES 0409,Food & Drink,Sale,-22.48,
11/25/2024,11/26/2024,ORTHOTEXAS CARROLLTON,Health & Wellness,Sale,-30.00,
11/25/2024,11/26/2024,Etsy.com - EmbroiderWise,Shopping,Sale,-29.67,
11/22/2024,11/24/2024,CANTEEN VENDING,Food & Drink,Sale,-1.85,
11/23/2024,11/24/2024,NTTA AUTOCHARGE,Travel,Sale,-20.00,
11/23/2024,11/24/2024,CHIPOTLE ONLINE,Food & Drink,Sale,-22.46,
11/23/2024,11/24/2024,Scooters Coffee,Food & Drink,Sale,-6.93,
11/21/2024,11/22/2024,Etsy.com - PassionTeeApp,Shopping,Sale,-49.56,
11/20/2024,11/22/2024,PAR*SMOOTHIE KING SK1186,Food & Drink,Sale,-2.00,
11/20/2024,11/21/2024,Etsy,Shopping,Sale,-56.27,
11/20/2024,11/21/2024,AMAZON PRIME*N42QU2DC3,Shopping,Sale,-3.24,
11/20/2024,11/21/2024,ORTHOTEXAS CARROLLTON,Health & Wellness,Sale,-30.00,
11/19/2024,11/20/2024,Amazon.com*BT0R79073,Shopping,Sale,-25.72,
11/19/2024,11/20/2024,NTTA AUTOCHARGE,Travel,Sale,-20.00,
11/18/2024,11/18/2024,Payment Thank You-Mobile,,Payment,1254.52,
11/15/2024,11/17/2024,KROGER 5879,Groceries,Sale,-89.65,
11/14/2024,11/17/2024,ROSAS CAFE &amp; TORTILLA FTY,Food & Drink,Sale,-10.81,
11/15/2024,11/17/2024,ROSAS CAFE &amp; TORTILLA FTY,Food & Drink,Sale,-23.69,
11/15/2024,11/17/2024,ELEMENTS MASSAGE FRISCO,Health & Wellness,Sale,-79.00,
11/14/2024,11/17/2024,RACETRAC2386  00023861,Gas,Sale,-26.77,
11/16/2024,11/17/2024,AMAZON MKTPL*EQ4EG7JJ3,Shopping,Sale,-59.97,
11/16/2024,11/17/2024,Amazon Prime*DJ94I3VN3,Bills & Utilities,Sale,-150.47,
11/14/2024,11/15/2024,AMAZON MKTPL*5X0MW8093,Shopping,Sale,-55.99,
11/14/2024,11/15/2024,Amazon.com*XC2QN2OT3,Shopping,Sale,-118.96,
11/14/2024,11/15/2024,Amazon.com*H91XT2L13,Shopping,Sale,-17.94,
11/14/2024,11/15/2024,LEGACY OBGYN,Health & Wellness,Sale,-545.18,
11/14/2024,11/15/2024,AMAZON MKTPL*XB3AL1XG3,Shopping,Sale,-33.86,
11/13/2024,11/14/2024,ORTHOTEXAS CARROLLTON,Health & Wellness,Sale,-30.00,
11/13/2024,11/13/2024,Payment Thank You-Mobile,,Payment,424.93,
11/12/2024,11/13/2024,CHIPOTLE ONLINE,Food & Drink,Sale,-12.23,
11/11/2024,11/12/2024,SP UQORA,Health & Wellness,Sale,-52.00,
11/08/2024,11/10/2024,CANTEEN VENDING,Food & Drink,Sale,-1.85,
11/08/2024,11/10/2024,PHILRX PHARMACY,Shopping,Sale,-99.00,
11/09/2024,11/10/2024,AMAZON MKTPL*DL1TG3663,Shopping,Sale,-43.29,
11/07/2024,11/08/2024,CANTEEN VENDING,Food & Drink,Sale,-1.85,
11/07/2024,11/08/2024,NTTA AUTOCHARGE,Travel,Sale,-20.00,
11/07/2024,11/08/2024,YARD HOUSE ZK 0108355,Food & Drink,Sale,-10.07,
11/07/2024,11/08/2024,CHIPOTLE ONLINE,Food & Drink,Sale,-10.23,
11/06/2024,11/07/2024,ORTHOTEXAS CARROLLTON,Health & Wellness,Sale,-30.00,
11/05/2024,11/06/2024,CHIPOTLE ONLINE,Food & Drink,Sale,-12.23,
11/05/2024,11/06/2024,AMAZON MKTPL*9T3L531O3,Shopping,Sale,-94.46,
11/05/2024,11/06/2024,Amazon.com*M99MR2323,Shopping,Sale,-16.23,
11/04/2024,11/06/2024,KROGER 5879,Groceries,Sale,-54.56,
11/04/2024,11/05/2024,WORLD VISION DONATION,Gifts & Donations,Sale,-39.00,
11/05/2024,11/05/2024,Spotify USA,Bills & Utilities,Sale,-12.98,
11/01/2024,11/03/2024,CANTEEN VENDING,Food & Drink,Sale,-1.85,
11/02/2024,11/03/2024,GOOGLE *Google One,Shopping,Sale,-3.19,
11/01/2024,11/03/2024,CANTEEN VENDING,Food & Drink,Sale,-1.85,
11/01/2024,11/03/2024,Amazon.com*3U2R60DP3,Shopping,Sale,-25.32,
10/31/2024,11/01/2024,CANTEEN VENDING,Food & Drink,Sale,-3.70,
10/31/2024,11/01/2024,NTTA AUTOCHARGE,Travel,Sale,-20.00,
10/31/2024,11/01/2024,CANTEEN VENDING,Food & Drink,Sale,-1.85,
10/30/2024,10/31/2024,ORTHOTEXAS CARROLLTON,Health & Wellness,Sale,-30.00,
10/28/2024,10/29/2024,CANTEEN VENDING,Food & Drink,Sale,-1.85,
10/28/2024,10/29/2024,GREEN MOUNTAIN ENERGY,Bills & Utilities,Sale,-123.41,
10/28/2024,10/29/2024,JASON'S DELI-DAL-014,Food & Drink,Sale,-14.92,
10/26/2024,10/27/2024,Prime Video Channels,Shopping,Sale,-10.81,
10/25/2024,10/27/2024,NTTA AUTOCHARGE,Travel,Sale,-20.00,
10/24/2024,10/25/2024,CANTEEN VENDING,Food & Drink,Sale,-1.85,
10/23/2024,10/24/2024,Amazon.com*6S85I3K03,Shopping,Sale,-6.84,
10/23/2024,10/24/2024,AMAZON MKTPL*NO3M18453,Shopping,Sale,-25.93,
10/23/2024,10/24/2024,ORTHOTEXAS CARROLLTON,Health & Wellness,Sale,-30.00,
10/21/2024,10/22/2024,NTTA AUTOCHARGE,Travel,Sale,-20.00,
10/21/2024,10/22/2024,CANTEEN VENDING,Food & Drink,Sale,-1.85,
10/20/2024,10/21/2024,AMAZON PRIME*844879EA3,Shopping,Sale,-3.24,
10/17/2024,10/18/2024,AMAZON MKTPL*AI6NY6DV3,Shopping,Sale,-21.64,
10/16/2024,10/17/2024,SONIC DRIVE IN #3638,Food & Drink,Sale,-2.11,
10/16/2024,10/17/2024,ORTHOTEXAS CARROLLTON,Health & Wellness,Sale,-70.00,
10/15/2024,10/16/2024,ELEMENTS MASSAGE FRISCO,Health & Wellness,Sale,-79.00,
10/15/2024,10/16/2024,PHILRX PHARMACY,Shopping,Sale,-99.00,
10/15/2024,10/16/2024,AMAZON MKTPL*S19OG2JF3,Shopping,Sale,-16.25,
10/15/2024,10/15/2024,Payment Thank You-Mobile,,Payment,927.02,
10/14/2024,10/15/2024,AMZN Mktp US*391EK66A3,Shopping,Sale,-43.59,
10/14/2024,10/15/2024,AMAZON MKTPL*1Q81A4613,Shopping,Sale,-38.19,
10/14/2024,10/15/2024,MED*TEXASHEALTH RESOURCES,Health & Wellness,Return,845.77,refund to correct hospital fees price
10/14/2024,10/15/2024,NTTA AUTOCHARGE,Travel,Sale,-20.00,
10/14/2024,10/15/2024,AMAZON MKTPL*724KL49P3,Shopping,Sale,-17.32,
10/14/2024,10/15/2024,Amazon.com*0S1WI1YN3,Shopping,Sale,-17.39,
10/13/2024,10/14/2024,AMAZON MKTPL*TL4OI0V03,Shopping,Sale,-47.32,
10/12/2024,10/13/2024,Amazon.com*JD10G5WD3,Shopping,Sale,-18.88,
10/12/2024,10/13/2024,SP BELLA. SKIN BEAUT,Shopping,Sale,-30.73,
10/09/2024,10/11/2024,IN-N-OUT THE COLONY,Food & Drink,Sale,-8.28,
10/09/2024,10/10/2024,NTTA AUTOCHARGE,Travel,Sale,-20.00,
10/08/2024,10/09/2024,BCBS HEALTH INS PAYMNT,Bills & Utilities,Sale,-429.92,
10/08/2024,10/09/2024,CANTEEN VENDING,Food & Drink,Sale,-1.85,
10/08/2024,10/09/2024,NTTA AUTOCHARGE,Travel,Sale,-20.00,
10/07/2024,10/08/2024,CVS/PHARMACY #06982,Health & Wellness,Sale,-45.28,
10/07/2024,10/08/2024,Amazon.com*QD89C2ST3,Shopping,Sale,-30.30,
10/07/2024,10/08/2024,CANTEEN VENDING,Food & Drink,Sale,-1.85,
10/07/2024,10/08/2024,CANTEEN VENDING,Food & Drink,Sale,-1.85,
10/07/2024,10/08/2024,AMAZON MKTPL*N24QM34T3,Shopping,Sale,-12.47,
10/07/2024,10/08/2024,Amazon.com*8T7WY7BF3,Shopping,Sale,-36.68,
10/06/2024,10/07/2024,Amazon.com*NZ2O11K63,Shopping,Sale,-10.27,
10/04/2024,10/06/2024,WORLD VISION DONATION,Gifts & Donations,Sale,-39.00,
10/04/2024,10/06/2024,CHICK-FIL-A APP,Food & Drink,Sale,-10.00,
10/05/2024,10/06/2024,Spotify USA,Bills & Utilities,Sale,-12.98,
10/05/2024,10/06/2024,LABORATORY CORPORATION OF,Health & Wellness,Sale,-87.82,
10/03/2024,10/04/2024,AMAZON MKTPL*YW6YS6L63,Shopping,Sale,-15.10,
10/02/2024,10/03/2024,GOOGLE *Google One,Shopping,Sale,-3.19,
10/02/2024,10/02/2024,Payment Thank You-Mobile,,Payment,4180.45,
10/01/2024,10/02/2024,Amazon.com*YW7PT5EE3,Shopping,Sale,-16.23,
10/02/2024,10/02/2024,AMAZON MKTPL*ZB8OL1GU1,Shopping,Sale,-27.02,
09/30/2024,10/01/2024,Amazon.com*U44OI7IG3,Shopping,Sale,-36.68,
09/28/2024,09/30/2024,KROGER 5879,Groceries,Sale,-63.81,
09/27/2024,09/29/2024,Amazon.com*QY24B7AA3,Shopping,Sale,-50.00,
09/27/2024,09/29/2024,GREEN MOUNTAIN ENERGY,Bills & Utilities,Sale,-204.17,
09/26/2024,09/27/2024,Prime Video Channels,Shopping,Sale,-14.06,
09/26/2024,09/27/2024,CHIPOTLE ONLINE,Food & Drink,Sale,-23.54,
09/27/2024,09/27/2024,Amazon.com*NA26J9UO3,Shopping,Sale,-11.30,
09/23/2024,09/24/2024,CVS/PHARMACY #06982,Health & Wellness,Sale,-8.73,
09/23/2024,09/24/2024,MED*TEXASHEALTH RESOURCES,Health & Wellness,Sale,-2988.28,hospital fees for surgery
09/23/2024,09/24/2024,Amazon.com*D46VO72J3,Shopping,Sale,-35.06,
09/23/2024,09/24/2024,Scooters Coffee,Food & Drink,Sale,-6.77,
09/23/2024,09/23/2024,GOODRXGOLD* GOODRX CAR,Personal,Sale,-19.00,
09/22/2024,09/23/2024,AMAZON MKTPL*KB6BP7X33,Shopping,Sale,-30.30,
09/20/2024,09/22/2024,AMAZON PRIME*K22HY3K03,Shopping,Sale,-3.24,
09/21/2024,09/22/2024,PANERA BREAD #601856 O,Food & Drink,Sale,-12.45,
09/19/2024,09/22/2024,ORTHOTEXAS,Health & Wellness,Sale,-608.52,surgery
09/21/2024,09/22/2024,LABORATORY CORPORATION OF,Health & Wellness,Sale,-4.54,
09/17/2024,09/18/2024,ORTHOTEXAS CARROLLTON,Health & Wellness,Sale,-60.00,
09/16/2024,09/17/2024,Payment Thank You-Mobile,,Payment,871.47,
09/14/2024,09/15/2024,AMAZON MKTPL*Q66KK4RY3,Shopping,Sale,-28.50,
09/13/2024,09/15/2024,Amazon.com*CR1QQ6GS3,Shopping,Sale,-38.50,
09/13/2024,09/15/2024,NTTA AUTOCHARGE,Travel,Sale,-20.00,
09/12/2024,09/13/2024,CHIPOTLE ONLINE,Food & Drink,Sale,-23.54,
09/12/2024,09/13/2024,RPY*NORTH STAR PLANO NATI,Health & Wellness,Sale,-497.22,
09/12/2024,09/13/2024,LEGACY OBGYN,Health & Wellness,Sale,-137.34,
09/12/2024,09/12/2024,Amazon.com*LG2IK5OP3,Shopping,Sale,-23.63,
09/12/2024,09/12/2024,Amazon.com*1F0K51YS3,Shopping,Sale,-12.31,
09/12/2024,09/12/2024,Amazon.com*Z87OK73D1,Shopping,Sale,-12.47,
09/12/2024,09/12/2024,Amazon.com*9W5NE1FU3,Shopping,Sale,-40.10,
09/12/2024,09/12/2024,AMAZON MKTPL*5H7VM72M3,Shopping,Sale,-19.47,
09/11/2024,09/12/2024,CHILIS 1626 ECOMM,Food & Drink,Sale,-18.39,
09/10/2024,09/10/2024,Payment Thank You-Mobile,,Payment,1257.32,
09/08/2024,09/08/2024,Amazon.com*Z86VJ24W2,Shopping,Sale,-51.95,
09/06/2024,09/08/2024,KELLY L WIMBERLY MD PA,Health & Wellness,Sale,-30.00,
09/06/2024,09/08/2024,BM * YUS ASIAN DINER,Food & Drink,Sale,-55.91,
09/05/2024,09/06/2024,KELLY L WIMBERLY MD PA,Health & Wellness,Sale,-30.00,
09/05/2024,09/06/2024,KROGER FUEL #1689,Gas,Sale,-32.33,
09/05/2024,09/06/2024,SQ *IHEARTKOLACHE,Food & Drink,Sale,-14.28,
09/05/2024,09/05/2024,Spotify USA,Bills & Utilities,Sale,-18.39,
09/04/2024,09/05/2024,BCBS HEALTH INS PAYMNT,Bills & Utilities,Sale,-429.92,
09/04/2024,09/05/2024,WORLD VISION DONATION,Gifts & Donations,Sale,-39.00,
09/04/2024,09/05/2024,SALAD AND GO,Food & Drink,Sale,-8.65,
09/02/2024,09/04/2024,McDonalds 10294,Food & Drink,Sale,-4.09,
09/02/2024,09/03/2024,GOOGLE *Google One,Professional Services,Sale,-3.19,
09/03/2024,09/03/2024,AZUNA AIR FRESHEN,Shopping,Sale,-175.64,
09/02/2024,09/03/2024,Amazon.com*RK9UW07M1,Shopping,Sale,-32.44,
08/31/2024,09/02/2024,PAR*SMOOTHIE KING SK1186,Food & Drink,Sale,-4.21,
08/30/2024,09/01/2024,RAISING CANES 0083,Food & Drink,Sale,-10.41,
08/28/2024,08/29/2024,GREEN MOUNTAIN ENERGY,Bills & Utilities,Sale,-154.81,
08/28/2024,08/29/2024,KROGER #0879,Groceries,Sale,-25.16,
08/27/2024,08/28/2024,SMILES HUT DENTAL,Health & Wellness,Sale,-5.00,
08/26/2024,08/27/2024,AMAZON MKTPL*R473X9DL0,Shopping,Sale,-23.80,
08/25/2024,08/27/2024,TOUS LES JOURS,Food & Drink,Sale,-8.75,
08/26/2024,08/27/2024,Prime Video Channels,Shopping,Sale,-12.98,
08/26/2024,08/27/2024,AMAZON MKTPL*R433U8DM0,Shopping,Sale,-21.64,
08/23/2024,08/25/2024,CHICK-FIL-A #04028,Food & Drink,Sale,-10.44,
08/24/2024,08/25/2024,SQ *CLARITY COFFEE WHEELE,Groceries,Sale,-6.50,
08/23/2024,08/25/2024,THRIVE MARKET,Bills & Utilities,Sale,-165.82,
08/21/2024,08/23/2024,CHICK-FIL-A #04900,Food & Drink,Sale,-5.14,
08/23/2024,08/23/2024,NESPRESSO USA INC,Groceries,Return,131.54,
08/21/2024,08/23/2024,CIRCLE K #2742375,Gas,Sale,-34.03,
08/21/2024,08/22/2024,NTTA AUTOCHARGE,Travel,Sale,-20.00,
08/22/2024,08/22/2024,SOLSTICE,Bills & Utilities,Sale,-32.84,
08/20/2024,08/20/2024,Payment Thank You-Mobile,,Payment,2143.90,
08/19/2024,08/20/2024,AMAZON MKTPL*R447Z74L2,Shopping,Sale,-40.54,
08/17/2024,08/20/2024,CAR SPA 27,Automotive,Return,119.00,
08/17/2024,08/19/2024,85C BAKERY CAFE USA,Food & Drink,Sale,-5.14,
08/17/2024,08/19/2024,CAR SPA 27,Automotive,Sale,-80.00,
08/17/2024,08/19/2024,CAR SPA 27,Automotive,Sale,-119.00,
08/16/2024,08/18/2024,CHIPOTLE ONLINE,Food & Drink,Sale,-13.31,
08/15/2024,08/16/2024,ELEMENTS MASSAGE FRISCO,Health & Wellness,Sale,-79.00,
08/14/2024,08/15/2024,Amazon.com*RU5YM1CY1,Shopping,Sale,-33.65,
08/13/2024,08/15/2024,KROGER 5879,Groceries,Sale,-65.60,
08/13/2024,08/15/2024,AMERICAN AI 0012167980127,Travel,Sale,-874.10,
08/13/2024,08/15/2024,AMERICAN AI 0012167980126,Travel,Sale,-874.10,
08/13/2024,08/14/2024,Payment Thank You-Mobile,,Payment,1008.44,
08/11/2024,08/12/2024,CHIPOTLE ONLINE,Food & Drink,Sale,-22.79,
08/11/2024,08/12/2024,NTTA AUTOCHARGE,Travel,Sale,-20.00,
08/09/2024,08/11/2024,TOM THUMB FS2963,Gas,Sale,-14.26,
08/09/2024,08/11/2024,AMAZON MKTPL*RM90O5XO2,Shopping,Sale,-25.29,
08/10/2024,08/11/2024,SQ *HONEY B CAFE,Food & Drink,Sale,-19.00,
08/09/2024,08/11/2024,AMAZON MKTPLACE PMTS,Shopping,Return,17.64,
08/09/2024,08/11/2024,THE UPS STORE 6388,Personal,Sale,-16.61,
08/07/2024,08/09/2024,CHICK-FIL-A #04900,Food & Drink,Sale,-13.43,
08/09/2024,08/09/2024,AMAZON MKTPL*RM9SK64Q1,Shopping,Sale,-18.39,
08/06/2024,08/08/2024,DEN SNARF'S SANDWICHES,Food & Drink,Sale,-14.52,
08/07/2024,08/08/2024,KROGER #0879,Groceries,Sale,-73.49,
08/06/2024,08/08/2024,RACETRAC2360  00023606,Gas,Sale,-35.86,
08/07/2024,08/08/2024,Amazon.com*RF4YJ8U21,Shopping,Sale,-34.63,
08/06/2024,08/07/2024,CONOCO - CF UNITED APR,Gas,Sale,-17.89,
08/05/2024,08/07/2024,ILLEGAL PETES,Food & Drink,Sale,-21.36,
08/05/2024,08/07/2024,WORLD VISION DONATION,Gifts & Donations,Sale,-39.00,
08/06/2024,08/07/2024,UBER   TRIP,Travel,Sale,-5.00,
08/06/2024,08/07/2024,UBER   TRIP,Travel,Sale,-36.69,
08/06/2024,08/07/2024,NTTA AIRPORT PARKING,Travel,Sale,-160.00,
08/04/2024,08/06/2024,TST*FIREBIRD CHICKEN,Food & Drink,Sale,-19.96,
08/04/2024,08/06/2024,EMPIRE 8156,Gas,Sale,-43.06,
08/04/2024,08/06/2024,JOSH &amp; JOHNS ICE CREAM-DO,Food & Drink,Sale,-11.79,
08/05/2024,08/05/2024,PRIMAL QUEEN,Shopping,Sale,-49.00,
08/05/2024,08/05/2024,Spotify USA,Bills & Utilities,Sale,-18.39,
08/04/2024,08/05/2024,AMAZON MKTPL*RF8C97QA2,Shopping,Sale,-36.72,
08/02/2024,08/04/2024,TST*UPTOWN &amp; HUMBOLDT -,Food & Drink,Sale,-36.72,
08/03/2024,08/04/2024,Groupon  Inc.,Personal,Sale,-29.25,
08/02/2024,08/04/2024,NTTA AUTOCHARGE,Travel,Sale,-20.00,
08/03/2024,08/04/2024,BEENVERIFIED INC.,Professional Services,Sale,-31.78,
08/02/2024,08/04/2024,GOOGLE *Google One,Shopping,Sale,-3.19,
08/04/2024,08/04/2024,BADDADDYSBURGERBAR.OLO,Food & Drink,Sale,-37.70,
08/03/2024,08/04/2024,WAL-MART #1308,Groceries,Sale,-69.08,
08/03/2024,08/04/2024,CSP*HD ESCAPE ROOMS DE,Shopping,Sale,-14.40,
08/02/2024,08/02/2024,Payment Thank You-Mobile,,Payment,388.96,
08/01/2024,08/02/2024,MATSUI,Food & Drink,Sale,-16.83,
07/31/2024,08/01/2024,RAMEN KABUKIYA,Food & Drink,Sale,-3.25,
07/30/2024,08/01/2024,MOBETTAHS PLANO 29,Food & Drink,Sale,-15.14,
07/29/2024,07/30/2024,Amazon.com*RV34I2EM1,Shopping,Sale,-81.13,
07/30/2024,07/30/2024,PANERA BREAD #601856 O,Food & Drink,Sale,-22.22,
07/29/2024,07/30/2024,GREEN MOUNTAIN ENERGY,Bills & Utilities,Sale,-158.77,
07/27/2024,07/29/2024,CHICK-FIL-A #02213,Food & Drink,Sale,-23.35,
07/28/2024,07/29/2024,AMAZON MKTPL*RV87O1Q32,Shopping,Sale,-33.44,
07/27/2024,07/29/2024,KROGER #0879,Groceries,Sale,-28.75,
07/28/2024,07/28/2024,Payment Thank You-Mobile,,Payment,2593.56,
07/26/2024,07/28/2024,Prime Video Channels,Shopping,Sale,-10.54,
07/26/2024,07/28/2024,BEENVERIFIED INC.,Professional Services,Sale,-1.00,
07/26/2024,07/28/2024,KROGER #0879,Groceries,Sale,-11.37,
07/24/2024,07/25/2024,AMAZON MKTPL*RJ71U4WA2,Shopping,Sale,-110.18,
07/24/2024,07/25/2024,AMAZON MKTPL*RJ2SX0792,Shopping,Sale,-32.46,
07/21/2024,07/23/2024,TST* BREWED - FORT WORTH,Food & Drink,Sale,-25.98,
07/21/2024,07/22/2024,FWB RAYZOR RANCH,Food & Drink,Sale,-27.60,
07/20/2024,07/21/2024,BOBA BAR,Food & Drink,Sale,-6.87,
07/19/2024,07/21/2024,BRIAN'S COFFEE &amp; KTOWN ST,Food & Drink,Sale,-23.73,
07/19/2024,07/21/2024,SQ *KURA REVOLVING SUSHI,Food & Drink,Sale,-47.14,
07/19/2024,07/21/2024,BRIAN'S COFFEE &amp; KTOWN ST,Food & Drink,Sale,-11.37,
07/18/2024,07/19/2024,PROGRESSIVE INS,Bills & Utilities,Sale,-1080.00,
07/18/2024,07/19/2024,AMAZON MKTPL*RS5P72UL0,Shopping,Sale,-251.05,
07/17/2024,07/18/2024,TST* HONEYBERRY PANCAKES,Food & Drink,Sale,-17.96,
07/17/2024,07/18/2024,SQ *FRUITEALICIOUS (STONE,Groceries,Sale,-5.47,
07/16/2024,07/17/2024,AMAZON MKTPL*RS3N78TK2,Shopping,Sale,-93.62,
07/15/2024,07/16/2024,Amazon.com*RS9904OF1,Shopping,Sale,-28.48,
07/15/2024,07/16/2024,Amazon.com*RS0ZT3422,Shopping,Sale,-8.71,
07/15/2024,07/16/2024,AMAZON MKTPL*RS8OT1OU1,Shopping,Sale,-40.11,
07/15/2024,07/16/2024,ELEMENTS MASSAGE FRISCO,Health & Wellness,Sale,-79.00,
07/15/2024,07/16/2024,Amazon.com*RS09Y3OU1,Shopping,Sale,-21.35,
07/15/2024,07/15/2024,NESPRESSO USA INC,Groceries,Sale,-91.80,
07/13/2024,07/15/2024,LOTS OF AUCTIONS,Professional Services,Return,13.45,
07/13/2024,07/15/2024,LOTS OF AUCTIONS,Professional Services,Return,13.45,
07/13/2024,07/15/2024,LOTS OF AUCTIONS,Professional Services,Return,4.12,
07/13/2024,07/14/2024,NTTA AUTOCHARGE,Travel,Sale,-20.00,
07/12/2024,07/14/2024,TST* PARKS ROASTERY,Food & Drink,Sale,-7.12,
07/13/2024,07/14/2024,PANERA BREAD #601856 O,Food & Drink,Sale,-12.54,
07/10/2024,07/12/2024,QT 927,Gas,Sale,-4.33,
07/10/2024,07/12/2024,QT 927,Gas,Sale,-34.39,
07/11/2024,07/12/2024,ELEMENTS MASSAGE FRISCO,Health & Wellness,Sale,-20.00,
07/10/2024,07/11/2024,CVS/PHARMACY #06982,Health & Wellness,Sale,-37.88,
07/10/2024,07/11/2024,LOTS OF AUCTIONS,Professional Services,Sale,-4.12,
07/09/2024,07/10/2024,TST* SNUFFERS - WEST PLAN,Food & Drink,Sale,-30.00,
07/09/2024,07/10/2024,ACTIVATED YOU,Groceries,Return,119.85,
07/08/2024,07/09/2024,CHIPOTLE ONLINE,Food & Drink,Sale,-10.77,
07/08/2024,07/09/2024,LOTS OF AUCTIONS,Professional Services,Sale,-13.45,
07/06/2024,07/08/2024,LOTS OF AUCTIONS,Professional Services,Sale,-36.24,
07/07/2024,07/08/2024,LOTS OF AUCTIONS,Professional Services,Sale,-76.60,
07/06/2024,07/07/2024,AMAZON MKTPL*R716R5HY2,Shopping,Sale,-12.98,
07/06/2024,07/07/2024,AMAZON MKTPL*R79Q22871,Shopping,Sale,-32.46,
07/05/2024,07/07/2024,LOTS OF AUCTIONS,Professional Services,Sale,-35.12,
07/06/2024,07/07/2024,AMAZON MKTPL*R77126QG2,Shopping,Sale,-40.63,
07/06/2024,07/07/2024,SP PRIMAL QUEEN,Shopping,Sale,-49.00,
07/05/2024,07/07/2024,PANERA BREAD #601856 K,Food & Drink,Sale,-20.98,
07/05/2024,07/05/2024,Spotify USA,Bills & Utilities,Sale,-18.39,
07/02/2024,07/03/2024,SALAD AND GO,Food & Drink,Sale,-9.72,
07/02/2024,07/03/2024,KROGER #0879,Groceries,Sale,-29.84,
07/02/2024,07/03/2024,GOOGLE *Google Storage,Shopping,Sale,-3.19,
07/01/2024,07/02/2024,KROGER #0879,Groceries,Sale,-21.04,
06/28/2024,06/30/2024,GREEN MOUNTAIN ENERGY,Bills & Utilities,Sale,-136.64,
06/28/2024,06/30/2024,LOTS OF AUCTIONS,Professional Services,Sale,-4.12,
06/29/2024,06/30/2024,Payment Thank You-Mobile,,Payment,1310.03,
06/28/2024,06/30/2024,NTTA AUTOCHARGE,Travel,Sale,-20.00,
06/28/2024,06/28/2024,SQ *PHO MAC,Food & Drink,Sale,-33.81,
06/27/2024,06/28/2024,LOTS OF AUCTIONS,Professional Services,Sale,-43.47,
06/27/2024,06/28/2024,AIRBNB  HMPWF5W4Y2,Travel,Sale,-267.58,
06/27/2024,06/28/2024,AMAZON MKTPL*RC4RM33Y2,Shopping,Sale,-57.12,
06/26/2024,06/28/2024,CIRCLE K #2742375,Gas,Sale,-39.66,
06/26/2024,06/27/2024,Prime Video Channels,Shopping,Sale,-12.98,
06/26/2024,06/27/2024,LOTS OF AUCTIONS,Professional Services,Sale,-109.74,
06/25/2024,06/26/2024,AMAZON MKTPLACE PMTS,Shopping,Return,29.94,
06/25/2024,06/26/2024,LOTS OF AUCTIONS,Professional Services,Sale,-36.12,
06/24/2024,06/25/2024,CHIPOTLE ONLINE,Food & Drink,Sale,-21.54,
06/24/2024,06/25/2024,LOTS OF AUCTIONS,Professional Services,Sale,-13.45,
06/20/2024,06/23/2024,DAISO TX08 FRISCO,Shopping,Sale,-48.72,
06/21/2024,06/23/2024,BAHAMA BUCKS #TX1361 OLO,Food & Drink,Sale,-6.38,
06/21/2024,06/23/2024,LOTS OF AUCTIONS,Professional Services,Sale,-4.12,
06/20/2024,06/23/2024,THE UPS STORE 5168,Personal,Sale,-12.95,
06/22/2024,06/23/2024,NTTA AUTOCHARGE,Travel,Sale,-20.00,
06/21/2024,06/21/2024,PANERA BREAD #601856 O,Food & Drink,Sale,-9.73,
06/20/2024,06/21/2024,Etsy,Shopping,Sale,-9.05,
06/19/2024,06/20/2024,NTTA AUTOCHARGE,Travel,Sale,-20.00,
06/19/2024,06/20/2024,LOTS OF AUCTIONS,Professional Services,Sale,-4.12,
06/18/2024,06/19/2024,LOTS OF AUCTIONS,Professional Services,Sale,-45.47,
06/18/2024,06/19/2024,RAISING CANES 0198 MOB,Food & Drink,Sale,-12.21,
06/18/2024,06/19/2024,CHIPOTLE ONLINE,Food & Drink,Sale,-21.54,
06/17/2024,06/19/2024,CHICK-FIL-A #03981,Food & Drink,Sale,-6.93,
06/18/2024,06/19/2024,KROGER #0879,Groceries,Sale,-33.70,
06/17/2024,06/18/2024,LOTS OF AUCTIONS,Professional Services,Sale,-71.39,
06/17/2024,06/17/2024,Offer:Burning Rice-The,Fees & Adjustments,Adjustment,1.46,
06/15/2024,06/17/2024,ELEMENTS MASSAGE FRISCO,Health & Wellness,Sale,-79.00,
06/15/2024,06/17/2024,LOTS OF AUCTIONS,Professional Services,Sale,-112.84,
06/16/2024,06/17/2024,LOTS OF AUCTIONS,Professional Services,Sale,-56.83,
06/15/2024,06/16/2024,AMAZON MKTPLACE PMTS,Shopping,Return,29.94,
06/15/2024,06/16/2024,Payment Thank You-Mobile,,Payment,1147.76,
06/15/2024,06/16/2024,SQ *HALAL MOTHER TRUCKERS,Food & Drink,Sale,-16.24,
06/15/2024,06/16/2024,SQ *ABE?S FLAVOR FLAVE,Food & Drink,Sale,-10.18,
06/14/2024,06/16/2024,LOTS OF AUCTIONS,Professional Services,Sale,-134.50,
06/13/2024,06/14/2024,Amazon.com*361Q849D3,Shopping,Sale,-22.72,
06/13/2024,06/14/2024,NTTA AUTOCHARGE,Travel,Sale,-20.00,
06/13/2024,06/14/2024,AMZN Mktp US*EA0TH9QO3,Shopping,Sale,-62.67,
06/13/2024,06/14/2024,AMZN Mktp US*CK7OQ4N33,Shopping,Sale,-10.81,
06/13/2024,06/14/2024,KROGER #0879,Groceries,Sale,-35.72,
06/13/2024,06/14/2024,AMZN Mktp US*F473710E3,Shopping,Sale,-103.66,
06/12/2024,06/13/2024,JERSEY MIKES ONLINE UC,Food & Drink,Sale,-21.11,
06/11/2024,06/12/2024,Amazon.com*8248007H3,Shopping,Sale,-59.48,
06/11/2024,06/12/2024,TST* BURNING RICE THE COL,Food & Drink,Sale,-29.12,
06/10/2024,06/11/2024,AMZN Mktp US*524N28X43,Shopping,Sale,-23.23,
06/10/2024,06/11/2024,CHIPOTLE ONLINE,Food & Drink,Sale,-22.08,
06/08/2024,06/10/2024,DAISO LENNOX CENTER,Shopping,Sale,-27.06,
06/08/2024,06/09/2024,TST* RODEO GOAT - FORT WO,Food & Drink,Sale,-51.30,
06/07/2024,06/09/2024,SALAD AND GO,Food & Drink,Sale,-17.84,
06/09/2024,06/09/2024,AMZN Mktp US*H70M31853,Shopping,Sale,-27.70,
06/06/2024,06/07/2024,NTTA AUTOCHARGE,Travel,Sale,-20.00,
06/06/2024,06/07/2024,SP PRIMAL QUEEN,Shopping,Sale,-32.83,
06/04/2024,06/06/2024,CHICK-FIL-A #03981,Food & Drink,Sale,-9.18,
06/05/2024,06/05/2024,Payment Thank You-Mobile,,Payment,301.39,
06/04/2024,06/05/2024,CHIPOTLE ONLINE,Food & Drink,Sale,-21.54,
06/04/2024,06/05/2024,BANFIELD 4031,Personal,Sale,-255.52,
06/05/2024,06/05/2024,Spotify USA,Bills & Utilities,Sale,-16.23,
06/04/2024,06/05/2024,MAVIS04503,Automotive,Sale,-192.96,
06/04/2024,06/05/2024,ELEMENTS MASSAGE FRISCO,Health & Wellness,Sale,-65.00,
06/04/2024,06/04/2024,Groupon  Inc.,Personal,Sale,-93.20,
06/02/2024,06/03/2024,GOOGLE *Google Storage,Shopping,Sale,-3.19,
06/01/2024,06/02/2024,ANNUAL MEMBERSHIP FEE,Fees & Adjustments,Fee,-95.00,
06/01/2024,06/02/2024,AMZN Mktp US*2E8EK2F63,Shopping,Sale,-31.39,
05/31/2024,06/02/2024,FUSION KITCHEN,Food & Drink,Sale,-66.00,
06/02/2024,06/02/2024,Payment Thank You-Mobile,,Payment,655.11,
05/31/2024,06/02/2024,Amazon.com*QR4VH89I3,Shopping,Sale,-12.61,
05/29/2024,05/31/2024,CIRCLE K #2742375,Gas,Sale,-29.13,
05/30/2024,05/31/2024,KROGER #0879,Groceries,Sale,-127.09,
05/29/2024,05/30/2024,CHIPOTLE ONLINE,Food & Drink,Sale,-21.54,
05/29/2024,05/30/2024,GREEN MOUNTAIN ENERGY,Bills & Utilities,Sale,-127.78,
05/28/2024,05/29/2024,CHIPOTLE ONLINE,Food & Drink,Sale,-11.85,
05/28/2024,05/29/2024,NTTA AUTOCHARGE,Travel,Sale,-20.00,
05/28/2024,05/29/2024,SP VAYOSE,Shopping,Sale,-48.00,
05/28/2024,05/28/2024,Payment Thank You-Mobile,,Payment,577.68,
05/28/2024,05/28/2024,NESPRESSO USA INC,Groceries,Sale,-131.54,
05/27/2024,05/28/2024,Amazon.com*XF5BD2ZY3,Shopping,Sale,-114.85,
05/28/2024,05/28/2024,AMZN Mktp US*2M0MI5WS3,Shopping,Sale,-23.33,
05/24/2024,05/26/2024,AMZN Mktp US*ZG9ZU6I43,Shopping,Sale,-27.04,
05/25/2024,05/26/2024,KROGER #0879,Groceries,Sale,-10.49,
05/25/2024,05/26/2024,KROGER #0879,Groceries,Sale,-31.51,
05/24/2024,05/26/2024,WHOLEFDS CTL#10613,Groceries,Sale,-6.99,
05/24/2024,05/26/2024,AMZN Mktp US*L14Z76JH3,Shopping,Sale,-8.76,
05/24/2024,05/26/2024,AMZN Mktp US*MO7497M53,Shopping,Sale,-92.99,
05/23/2024,05/24/2024,GRUBHUBPHOBEEFNOODLEG,Food & Drink,Sale,-14.61,
05/22/2024,05/24/2024,HAPPYS MARKET #5 LBJ,Gas,Sale,-37.24,
05/22/2024,05/24/2024,PAR*SMOOTHIE KING SK1186,Food & Drink,Sale,-4.86,
05/23/2024,05/23/2024,AMZN Mktp US*4Y1KE3AN3,Shopping,Sale,-37.85,
05/22/2024,05/23/2024,THRIVE MARKET,Bills & Utilities,Sale,-93.42,
05/22/2024,05/23/2024,Amazon.com*IE6PM10D3,Shopping,Sale,-35.99,
05/22/2024,05/23/2024,NTTA AUTOCHARGE,Travel,Sale,-20.00,
05/20/2024,05/22/2024,PAR*SMOOTHIE KING SK1186,Food & Drink,Sale,-11.99,
05/18/2024,05/19/2024,Payment Thank You-Mobile,,Payment,1245.27,
05/16/2024,05/19/2024,CHICK-FIL-A #02097,Food & Drink,Sale,-8.91,
05/18/2024,05/19/2024,SQ *KURA REVOLVING SUSHI,Food & Drink,Sale,-135.03,
05/16/2024,05/17/2024,CVS/PHARMACY #05844,Health & Wellness,Sale,-20.87,
05/17/2024,05/17/2024,BAHAMA BUCKS #TX1361 OLO,Food & Drink,Sale,-5.28,
05/16/2024,05/17/2024,ALDI 75022 LEWISVILLE,Groceries,Sale,-44.32,
05/15/2024,05/16/2024,Amazon.com*AQ2HO2B23,Shopping,Sale,-10.68,
05/15/2024,05/16/2024,NTTA AUTOCHARGE,Travel,Sale,-20.00,
05/14/2024,05/15/2024,NTTA AUTOCHARGE,Travel,Sale,-21.45,
05/13/2024,05/14/2024,PANDA EXPRESS #1955 P,Food & Drink,Sale,-12.77,
05/12/2024,05/14/2024,BEAVERS BEND RESTAURANT,Food & Drink,Sale,-16.48,
05/11/2024,05/13/2024,OKIE GIRLS,Food & Drink,Sale,-12.02,
05/12/2024,05/13/2024,KROGER #0879,Groceries,Sale,-127.70,
05/12/2024,05/13/2024,MARSHALLS #776,Shopping,Sale,-40.25,
05/11/2024,05/13/2024,MOUNTAIN FORK BREWERY,Food & Drink,Sale,-15.18,
05/10/2024,05/12/2024,THE HOCHAHUT,Food & Drink,Sale,-7.81,
05/08/2024,05/10/2024,038 TORCHYS RICHARDSON,Food & Drink,Sale,-7.22,
05/07/2024,05/08/2024,NTTA AUTOCHARGE,Travel,Sale,-20.00,
05/07/2024,05/08/2024,CHICK-FIL-A APP,Food & Drink,Sale,-10.00,
05/06/2024,05/07/2024,NTTA AUTOCHARGE,Travel,Sale,-20.00,
05/05/2024,05/06/2024,buy.paddle.com,Shopping,Sale,-24.74,
05/04/2024,05/06/2024,LITTLE CAESARS 1521-0008,Food & Drink,Sale,-18.39,
05/05/2024,05/06/2024,AMZN Mktp US*AE4NJ6EB3,Shopping,Sale,-8.65,
05/04/2024,05/05/2024,SALAD AND GO,Food & Drink,Sale,-16.75,
05/05/2024,05/05/2024,Spotify USA,Bills & Utilities,Sale,-16.23,
05/02/2024,05/03/2024,GOOGLE *Google Storage,Shopping,Sale,-3.19,
05/01/2024,05/03/2024,CHICK-FIL-A #02097,Food & Drink,Sale,-1.72,
05/02/2024,05/03/2024,SONIC DRIVE IN #3516,Food & Drink,Sale,-7.00,
05/02/2024,05/03/2024,KROGER #0526,Groceries,Sale,-6.69,
05/01/2024,05/02/2024,THRIVE MARKET,Bills & Utilities,Sale,-59.95,
04/30/2024,05/02/2024,SHELL OIL 57540986502,Gas,Sale,-41.83,
05/01/2024,05/02/2024,Amazon.com*TS80S1IR3,Shopping,Sale,-8.55,
05/01/2024,05/02/2024,NTTA AUTOCHARGE,Travel,Sale,-20.00,
05/01/2024,05/02/2024,KROGER #0879,Groceries,Sale,-59.05,
04/30/2024,05/01/2024,GoFundMe Help Support Our,Gifts & Donations,Sale,-150.00,
04/29/2024,04/30/2024,GREEN MOUNTAIN ENERGY,Bills & Utilities,Sale,-74.49,
04/29/2024,04/30/2024,CHIPOTLE ONLINE,Food & Drink,Sale,-24.09,
04/29/2024,04/30/2024,NTTA AUTOCHARGE,Travel,Sale,-20.00,
04/27/2024,04/29/2024,DENTON VEHREG,Bills & Utilities,Sale,-73.25,
04/28/2024,04/29/2024,AMZN Mktp US*OZ67J4J83,Shopping,Sale,-32.46,
04/27/2024,04/29/2024,TST* FUN PIZZA KITCHEN -,Food & Drink,Sale,-20.56,
04/28/2024,04/28/2024,AMZN Mktp US*9C4W023V3,Shopping,Sale,-83.34,
04/26/2024,04/28/2024,AMZN Mktp US*XH6AS1WM3,Shopping,Sale,-33.32,
04/26/2024,04/28/2024,NTTA AUTOCHARGE,Travel,Sale,-20.00,
04/27/2024,04/28/2024,TX.GOV*SERVICEFEE-DIR,Bills & Utilities,Sale,-2.00,
04/26/2024,04/28/2024,Too Good To Go Inc.,Food & Drink,Sale,-6.99,
04/28/2024,04/28/2024,Payment Thank You-Mobile,,Payment,2520.33,
04/25/2024,04/26/2024,KROGER #0879,Groceries,Sale,-52.94,
04/25/2024,04/26/2024,AMZN Mktp US*IE5GK5KJ3,Shopping,Sale,-34.24,
04/25/2024,04/26/2024,STARBUCKS 800-782-7282,Food & Drink,Sale,-15.00,
04/25/2024,04/25/2024,AMZN Mktp US*M50UC9U03,Shopping,Sale,-44.21,
04/24/2024,04/25/2024,NTTA AUTOCHARGE,Travel,Sale,-20.00,
04/24/2024,04/25/2024,ATHENA CLUB,Groceries,Sale,-10.83,
04/24/2024,04/24/2024,Amazon.com*O10QG68B3,Shopping,Sale,-19.10,
04/22/2024,04/24/2024,QT 917,Gas,Sale,-34.52,
04/22/2024,04/23/2024,WINGSTOP 165 OLO,Food & Drink,Sale,-34.28,
04/22/2024,04/23/2024,AMZN Mktp US*7H52Z49I3,Shopping,Sale,-33.45,
04/22/2024,04/23/2024,NTTA AUTOCHARGE,Travel,Sale,-20.00,
04/21/2024,04/22/2024,KROGER #0879,Groceries,Sale,-102.82,
04/21/2024,04/21/2024,AMZN Mktp US*ML2TL05J3,Shopping,Sale,-27.05,
04/21/2024,04/21/2024,AMZN Mktp US*HN6LE6WE3,Shopping,Sale,-54.00,
04/20/2024,04/21/2024,Payment Thank You-Mobile,,Payment,59.15,
04/20/2024,04/21/2024,Amazon.com*TM3718OQ3,Shopping,Sale,-43.29,
04/18/2024,04/19/2024,Amazon.com*V59L74K53,Shopping,Sale,-34.75,
04/18/2024,04/19/2024,LOWES #00907*,Home,Sale,-1725.48,
04/18/2024,04/19/2024,ACTIVATED YOU,Groceries,Return,119.85,
04/17/2024,04/18/2024,KROGER #0879,Groceries,Sale,-57.01,
04/16/2024,04/17/2024,NTTA AUTOCHARGE,Travel,Sale,-20.00,
04/16/2024,04/17/2024,STARBUCKS 800-782-7282,Food & Drink,Sale,-10.00,
04/16/2024,04/17/2024,KROGER #0879,Groceries,Sale,-25.86,
04/15/2024,04/16/2024,POPEYES 14178,Food & Drink,Sale,-8.64,
04/15/2024,04/16/2024,MODEL TEACHING COURSES,Education,Sale,-20.00,
04/16/2024,04/16/2024,Amazon.com*OP9DU29A3,Shopping,Sale,-6.37,
04/16/2024,04/16/2024,Amazon.com*RE5PS5L73,Shopping,Sale,-9.34,
04/16/2024,04/16/2024,Amazon.com*WU3SJ6BW3,Shopping,Sale,-25.24,
04/15/2024,04/16/2024,Amazon.com*F98R474L3,Shopping,Sale,-31.91,
04/12/2024,04/14/2024,THE UPS STORE 395,Personal,Sale,-33.53,
04/12/2024,04/14/2024,AMZN Mktp US,Shopping,Return,14.06,
04/11/2024,04/14/2024,TST* TACO JOINT LAKE HIGH,Food & Drink,Sale,-7.40,
04/12/2024,04/14/2024,NTTA AUTOCHARGE,Travel,Sale,-20.00,
04/11/2024,04/14/2024,TST* TACO JOINT LAKE HIGH,Food & Drink,Sale,-13.96,
04/11/2024,04/12/2024,Amazon.com*1S49U89S3,Shopping,Sale,-21.41,
04/11/2024,04/12/2024,RYZE  INC,Groceries,Sale,-36.00,
04/10/2024,04/10/2024,Payment Thank You-Mobile,,Payment,1118.51,
04/08/2024,04/10/2024,SHELL OIL 12635828002,Gas,Sale,-38.12,
04/09/2024,04/10/2024,NTTA AUTOCHARGE,Travel,Sale,-20.00,
04/09/2024,04/10/2024,SONIC #4255,Food & Drink,Sale,-2.64,
04/08/2024,04/09/2024,CHIPOTLE ONLINE,Food & Drink,Sale,-22.08,
04/05/2024,04/07/2024,WINGSTOP 165 OLO,Food & Drink,Sale,-36.23,
04/05/2024,04/07/2024,AMZN Mktp US*8500249C3,Shopping,Sale,-70.55,
04/04/2024,04/05/2024,AMZN Mktp US*0U5K68N83,Shopping,Sale,-53.32,
04/05/2024,04/05/2024,Spotify USA,Bills & Utilities,Sale,-16.23,
04/04/2024,04/05/2024,DOLLAR TREE,Shopping,Sale,-8.12,
04/04/2024,04/05/2024,KROGER 0879,Groceries,Sale,-32.97,
04/03/2024,04/04/2024,NTTA AUTOCHARGE,Travel,Sale,-20.00,
04/02/2024,04/04/2024,RACETRAC2420  00024208,Gas,Sale,-32.51,
04/02/2024,04/03/2024,TST* TWISTED ROOT - COPPE,Food & Drink,Sale,-12.99,
04/02/2024,04/03/2024,GOOGLE *Google Storage,Shopping,Sale,-3.19,
04/01/2024,04/02/2024,AMZN Mktp US*RA8UG6QD1,Shopping,Sale,-110.70,
04/01/2024,04/02/2024,AMZN Mktp US*RA3XD5H41,Shopping,Sale,-25.96,
03/30/2024,04/01/2024,ANOTHER BROKEN EGG CAFE O,Food & Drink,Sale,-73.12,
